{"mediany": {"TT4": 103.0, "T4U": 0.98, "capital-loss": 0.0, "capital-gain": 0.0, "TSH": 1.3, "T3": 2.0, "fnlwgt": 169462.0, "hours-per-week": 40.0, "education-num": 10.0, "FTI": 107.0, "age": 55.0}, "priemery": {" Tech-support": {"TT4": 112.52631578947368, "T4U": 0.9800000000000001, "capital-loss": 0.0, "capital-gain": 716.85, "TSH": 5.172941176470588, "T3": 1.8461538461538463, "fnlwgt": 171215.2, "hours-per-week": 36.35, "education-num": 10.789473684210526, "FTI": 117.94736842105263, "age": 60.25}, " Sales": {"TT4": 106.22950819672131, "T4U": 0.9932203389830508, "capital-loss": 72.88235294117646, "capital-gain": 601.2835820895523, "TSH": 5.627, "T3": 2.007843137254902, "fnlwgt": 173843.63235294117, "hours-per-week": 36.161764705882355, "education-num": 9.75438596491228, "FTI": 108.49152542372882, "age": 50.25}, " Craft-repair": {"TT4": 95.58974358974359, "T4U": 0.9048571428571429, "capital-loss": 141.48717948717947, "capital-gain": 367.79487179487177, "TSH": 3.949078947368421, "T3": 1.982857142857143, "fnlwgt": 179713.5641025641, "hours-per-week": 41.56410256410256, "education-num": 9.314285714285715, "FTI": 105.48571428571428, "age": 55.15384615384615}, " Adm-clerical": {"TT4": 113.28148148148148, "T4U": 1.0595275590551179, "capital-loss": 104.94285714285714, "capital-gain": 319.0571428571429, "TSH": 3.3843307086614174, "T3": 2.14, "fnlwgt": 186281.94285714286, "hours-per-week": 35.97857142857143, "education-num": 9.713178294573643, "FTI": 108.91338582677166, "age": 49.357142857142854}, " Other-service": {"TT4": 110.48717948717949, "T4U": 1.0065333333333333, "capital-loss": 66.0, "capital-gain": 126.0909090909091, "TSH": 4.150197368421052, "T3": 2.138805970149254, "fnlwgt": 178121.0, "hours-per-week": 35.02272727272727, "education-num": 8.855421686746988, "FTI": 110.68, "age": 48.23863636363637}, " Prof-specialty": {"TT4": 106.93939393939394, "T4U": 1.0211111111111113, "capital-loss": 50.25757575757576, "capital-gain": 1191.0454545454545, "TSH": 15.695468750000002, "T3": 1.926, "fnlwgt": 161393.9393939394, "hours-per-week": 40.89393939393939, "education-num": 12.508771929824562, "FTI": 105.38095238095238, "age": 53.68181818181818}, " Exec-managerial": {"TT4": 107.13207547169812, "T4U": 0.9938461538461537, "capital-loss": 75.61016949152543, "capital-gain": 1138.3275862068965, "TSH": 2.4092307692307693, "T3": 1.9652173913043476, "fnlwgt": 160055.2372881356, "hours-per-week": 44.220338983050844, "education-num": 10.73469387755102, "FTI": 111.25, "age": 56.355932203389834}, " Machine-op-inspct": {"TT4": 101.80555555555556, "T4U": 0.9563636363636363, "capital-loss": 59.5945945945946, "capital-gain": 197.24324324324326, "TSH": 2.3997297297297298, "T3": 1.79375, "fnlwgt": 217038.48648648648, "hours-per-week": 41.513513513513516, "education-num": 8.411764705882353, "FTI": 106.52941176470588, "age": 56.08108108108108}, " Priv-house-serv": {"TT4": 113.6, "T4U": 1.05, "capital-loss": 0.0, "capital-gain": 0.0, "TSH": 20.11, "T3": 1.575, "fnlwgt": 147009.5, "hours-per-week": 38.166666666666664, "education-num": 8.666666666666666, "FTI": 106.5, "age": 59.833333333333336}, " Transport-moving": {"TT4": 99.0, "T4U": 0.9263636363636365, "capital-loss": 0.0, "capital-gain": 0.0, "TSH": 2.2803571428571425, "T3": 2.12, "fnlwgt": 215877.6, "hours-per-week": 44.53333333333333, "education-num": 8.866666666666667, "FTI": 104.27272727272727, "age": 48.6}, " Handlers-cleaners": {"TT4": 123.0909090909091, "T4U": 1.0472727272727271, "capital-loss": 0.0, "capital-gain": 7142.785714285715, "TSH": 3.0115000000000003, "T3": 1.9875, "fnlwgt": 212556.07142857142, "hours-per-week": 32.785714285714285, "education-num": 8.76923076923077, "FTI": 118.9090909090909, "age": 49.57142857142857}, " Farming-fishing": {"TT4": 96.125, "T4U": 0.9175, "capital-loss": 247.125, "capital-gain": 0.0, "TSH": 2.2225, "T3": 1.9000000000000001, "fnlwgt": 125341.5, "hours-per-week": 46.25, "education-num": 8.857142857142858, "FTI": 105.875, "age": 58.875}, " Protective-serv": {"TT4": 109.0, "T4U": 1.02, "capital-loss": 0.0, "capital-gain": 0.0, "TSH": 2.62, "T3": 2.733333333333333, "fnlwgt": 172095.25, "hours-per-week": 40.0, "education-num": 10.5, "FTI": 107.0, "age": 38.75}}}