{"mediany": {"TT4": 104.0, "T4U": 0.98, "capital-loss": 0.0, "capital-gain": 0.0, "TSH": 1.4, "T3": 2.0, "fnlwgt": 177927.0, "hours-per-week": 40.0, "education-num": 10.0, "FTI": 107.0, "age": 54.0}, "priemery": {" Adm-clerical": {"TT4": 110.0724907063197, "T4U": 1.028355899419729, "capital-loss": 68.06118546845124, "capital-gain": 587.3172413793103, "TSH": 6.350427756653993, "T3": 2.0730853391684905, "fnlwgt": 191832.63620689654, "hours-per-week": 35.38448275862069, "education-num": 9.690702087286528, "FTI": 109.01158301158301, "age": 52.84110535405872}, " Sales": {"TT4": 110.20168776371308, "T4U": 0.9975225225225225, "capital-loss": 63.76190476190476, "capital-gain": 820.1921568627452, "TSH": 2.9303448275862074, "T3": 2.0284313725490195, "fnlwgt": 183308.20784313726, "hours-per-week": 36.537254901960786, "education-num": 9.944206008583691, "FTI": 112.65495495495496, "age": 52.29803921568627}, " Tech-support": {"TT4": 107.69491525423729, "T4U": 0.971578947368421, "capital-loss": 32.459016393442624, "capital-gain": 494.9032258064516, "TSH": 5.83017543859649, "T3": 2.245833333333333, "fnlwgt": 201172.2258064516, "hours-per-week": 38.806451612903224, "education-num": 10.928571428571429, "FTI": 113.45438596491228, "age": 50.096774193548384}, " Other-service": {"TT4": 112.0437037037037, "T4U": 1.0073899613899613, "capital-loss": 55.591603053435115, "capital-gain": 121.13898305084746, "TSH": 4.499744094488189, "T3": 2.0813901345291477, "fnlwgt": 178230.48474576272, "hours-per-week": 34.53220338983051, "education-num": 8.811111111111112, "FTI": 113.08076923076923, "age": 47.996610169491525}, " Transport-moving": {"TT4": 109.50980392156863, "T4U": 0.9397872340425533, "capital-loss": 62.90909090909091, "capital-gain": 388.8813559322034, "TSH": 4.5794000000000015, "T3": 1.8377777777777777, "fnlwgt": 190719.83050847458, "hours-per-week": 42.559322033898304, "education-num": 8.596153846153847, "FTI": 115.38297872340425, "age": 56.16949152542373}, " Craft-repair": {"TT4": 104.06049382716049, "T4U": 0.9419496855345911, "capital-loss": 76.20408163265306, "capital-gain": 292.01785714285717, "TSH": 3.2013666666666665, "T3": 1.9666666666666666, "fnlwgt": 193132.05357142858, "hours-per-week": 42.029761904761905, "education-num": 9.191780821917808, "FTI": 110.58490566037736, "age": 52.17857142857143}, " Prof-specialty": {"TT4": 106.52490421455938, "T4U": 0.98592, "capital-loss": 159.05882352941177, "capital-gain": 1173.7132616487456, "TSH": 4.93936, "T3": 1.860909090909091, "fnlwgt": 181428.89605734768, "hours-per-week": 41.25806451612903, "education-num": 12.82421875, "FTI": 109.988, "age": 54.075268817204304}, " Farming-fishing": {"TT4": 108.78947368421052, "T4U": 0.9665714285714285, "capital-loss": 118.54545454545455, "capital-gain": 986.4871794871794, "TSH": 2.3913513513513514, "T3": 1.8484848484848484, "fnlwgt": 172402.35897435897, "hours-per-week": 48.87179487179487, "education-num": 8.4, "FTI": 113.6, "age": 47.84615384615385}, " Protective-serv": {"TT4": 103.96551724137932, "T4U": 0.9589285714285714, "capital-loss": 129.1851851851852, "capital-gain": 234.27586206896552, "TSH": 2.26551724137931, "T3": 1.929166666666667, "fnlwgt": 226123.8275862069, "hours-per-week": 40.3448275862069, "education-num": 10.444444444444445, "FTI": 108.75, "age": 54.06896551724138}, " Exec-managerial": {"TT4": 109.2396694214876, "T4U": 0.9976394849785407, "capital-loss": 183.52608695652174, "capital-gain": 2112.490272373541, "TSH": 4.066069868995633, "T3": 2.0428571428571427, "fnlwgt": 187019.7159533074, "hours-per-week": 42.95719844357976, "education-num": 11.322175732217573, "FTI": 110.83879310344827, "age": 50.27626459143969}, " Machine-op-inspct": {"TT4": 113.06666666666666, "T4U": 0.9803875968992248, "capital-loss": 27.37795275590551, "capital-gain": 111.75714285714285, "TSH": 2.8531102362204726, "T3": 2.0736607142857144, "fnlwgt": 198567.32142857142, "hours-per-week": 38.864285714285714, "education-num": 8.447368421052632, "FTI": 115.25581395348837, "age": 53.02142857142857}, " Handlers-cleaners": {"TT4": 105.46153846153847, "T4U": 0.9660784313725489, "capital-loss": 0.0, "capital-gain": 213.10344827586206, "TSH": 2.347058823529412, "T3": 1.984444444444444, "fnlwgt": 173943.25862068965, "hours-per-week": 39.06896551724138, "education-num": 8.604166666666666, "FTI": 110.2156862745098, "age": 50.37931034482759}, " Priv-house-serv": {"TT4": 124.33333333333333, "T4U": 1.04, "capital-loss": 0.0, "capital-gain": 0.0, "TSH": 1.4892307692307691, "T3": 2.4499999999999997, "fnlwgt": 186989.5625, "hours-per-week": 30.75, "education-num": 7.214285714285714, "FTI": 117.8, "age": 50.6875}}}